Description,Scientific Name,Max Score,Total Score,Query Cover,E value,Per. ident,Acc. Len,Accession  
"Trifurcula cryptella voucher RMNH.INS.24561 cytochrome oxidase subunit 1 (COI) gene, partial cds; mitochondrial",Trifurcula cryptella,712,712,100%,0.0,97.37,658,"=HYPERLINK(""https://www.ncbi.nlm.nih.gov/nucleotide/KX281443.1?report=genbank&log$=nucltop&blast_rank=1&RID=8GNGZJNE013"",""KX281443.1"")"
"Trifurcula eurema voucher RMNH.INS.11719 cytochrome oxidase subunit 1 (COI) gene, partial cds; mitochondrial",Trifurcula eurema,571,571,99%,3e-158,91.55,654,"=HYPERLINK(""https://www.ncbi.nlm.nih.gov/nucleotide/KX281301.1?report=genbank&log$=nucltop&blast_rank=2&RID=8GNGZJNE013"",""KX281301.1"")"
"Trifurcula sp. Genistatriacanthos voucher RMNH.INS.12708 cytochrome oxidase subunit 1 (COI) gene, partial cds; mitochondrial",Trifurcula sp. Genistatriacanthos,566,566,98%,2e-156,91.48,654,"=HYPERLINK(""https://www.ncbi.nlm.nih.gov/nucleotide/KX281256.1?report=genbank&log$=nucltop&blast_rank=3&RID=8GNGZJNE013"",""KX281256.1"")"
"Trifurcula ortneri voucher RMNH.INS.11503 cytochrome oxidase subunit 1 (COI) gene, partial cds; mitochondrial",Trifurcula ortneri,562,562,99%,2e-155,91.08,654,"=HYPERLINK(""https://www.ncbi.nlm.nih.gov/nucleotide/KX281349.1?report=genbank&log$=nucltop&blast_rank=4&RID=8GNGZJNE013"",""KX281349.1"")"
"Trifurcula manygoza voucher RMNH.INS.24552 cytochrome oxidase subunit 1 (COI) gene, partial cds; mitochondrial",Trifurcula manygoza,560,560,99%,8e-155,90.91,658,"=HYPERLINK(""https://www.ncbi.nlm.nih.gov/nucleotide/KX281302.1?report=genbank&log$=nucltop&blast_rank=5&RID=8GNGZJNE013"",""KX281302.1"")"
"Ectoedemia mahalebella voucher RMNH:INS:11676 cytochrome oxidase subunit 1 (COI) gene, partial cds; mitochondrial",Ectoedemia mahalebella,527,527,99%,8e-145,89.61,665,"=HYPERLINK(""https://www.ncbi.nlm.nih.gov/nucleotide/JN201773.1?report=genbank&log$=nucltop&blast_rank=6&RID=8GNGZJNE013"",""JN201773.1"")"
"Ectoedemia mahalebella voucher RMNH:INS:23825 cytochrome oxidase subunit 1 (COI) gene, partial cds; mitochondrial",Ectoedemia mahalebella,527,527,99%,8e-145,89.61,665,"=HYPERLINK(""https://www.ncbi.nlm.nih.gov/nucleotide/JN201769.1?report=genbank&log$=nucltop&blast_rank=7&RID=8GNGZJNE013"",""JN201769.1"")"
"Ectoedemia mahalebella voucher RMNH:INS:23600 cytochrome oxidase subunit 1 (COI) gene, partial cds; mitochondrial",Ectoedemia mahalebella,527,527,99%,8e-145,89.61,665,"=HYPERLINK(""https://www.ncbi.nlm.nih.gov/nucleotide/JN201770.1?report=genbank&log$=nucltop&blast_rank=8&RID=8GNGZJNE013"",""JN201770.1"")"
"Eudonia mercurella voucher RMNH.INS.541044 cytochrome oxidase subunit 1 (COI) gene, partial cds; mitochondrial",Eudonia mercurella,521,521,99%,4e-143,89.45,658,"=HYPERLINK(""https://www.ncbi.nlm.nih.gov/nucleotide/KX049413.1?report=genbank&log$=nucltop&blast_rank=9&RID=8GNGZJNE013"",""KX049413.1"")"
"Ectoedemia sp. Rubus croceacanthus TW voucher RMNH.INS.29329 cytochrome oxidase subunit 1 (COI) gene, partial cds; mitochondrial",Ectoedemia sp. Rubus croceacanthus TW,521,521,99%,4e-143,89.40,658,"=HYPERLINK(""https://www.ncbi.nlm.nih.gov/nucleotide/KM077649.1?report=genbank&log$=nucltop&blast_rank=10&RID=8GNGZJNE013"",""KM077649.1"")"
"Eupselia sp. ANICIC59 voucher CCDB-15843-C04 cytochrome oxidase subunit 1 (COI) gene, partial cds; mitochondrial",Eupselia sp. ANICIC59,521,521,99%,4e-143,89.42,658,"=HYPERLINK(""https://www.ncbi.nlm.nih.gov/nucleotide/KF389427.1?report=genbank&log$=nucltop&blast_rank=11&RID=8GNGZJNE013"",""KF389427.1"")"
"Ectoedemia mahalebella voucher RMNH:INS:11674 cytochrome oxidase subunit 1 (COI) gene, partial cds; mitochondrial",Ectoedemia mahalebella,521,521,99%,4e-143,89.37,665,"=HYPERLINK(""https://www.ncbi.nlm.nih.gov/nucleotide/JN201774.1?report=genbank&log$=nucltop&blast_rank=12&RID=8GNGZJNE013"",""JN201774.1"")"
"Eudonia mercurella mitochondrial partial COI gene for cytochrome oxidase subunit 1, specimen voucher LEP109",Eudonia mercurella,516,516,99%,2e-141,89.21,836,"=HYPERLINK(""https://www.ncbi.nlm.nih.gov/nucleotide/LR135731.1?report=genbank&log$=nucltop&blast_rank=13&RID=8GNGZJNE013"",""LR135731.1"")"
"Stigmella isochalca voucher RMNH.INS.11815 cytochrome oxidase subunit 1 (COI) gene, partial cds; mitochondrial",Stigmella isochalca,516,516,98%,2e-141,89.32,654,"=HYPERLINK(""https://www.ncbi.nlm.nih.gov/nucleotide/KX281325.1?report=genbank&log$=nucltop&blast_rank=14&RID=8GNGZJNE013"",""KX281325.1"")"
"Eudonia mercurella voucher BC ZSM Lep 53105 cytochrome oxidase subunit 1 (COI) gene, partial cds; mitochondrial",Eudonia mercurella,516,516,99%,2e-141,89.21,627,"=HYPERLINK(""https://www.ncbi.nlm.nih.gov/nucleotide/KX045676.1?report=genbank&log$=nucltop&blast_rank=15&RID=8GNGZJNE013"",""KX045676.1"")"
"Eudonia mercurella voucher NHMO-08103 cytochrome oxidase subunit 1 (COI) gene, partial cds; mitochondrial",Eudonia mercurella,516,516,99%,2e-141,89.21,657,"=HYPERLINK(""https://www.ncbi.nlm.nih.gov/nucleotide/KX049708.1?report=genbank&log$=nucltop&blast_rank=16&RID=8GNGZJNE013"",""KX049708.1"")"
"Ectoedemia virgulae voucher RMNH.INS.18506 cytochrome oxidase subunit 1 (COI) gene, partial cds; mitochondrial",Ectoedemia virgulae,516,516,98%,2e-141,89.35,654,"=HYPERLINK(""https://www.ncbi.nlm.nih.gov/nucleotide/KM077733.1?report=genbank&log$=nucltop&blast_rank=17&RID=8GNGZJNE013"",""KM077733.1"")"
"Eupselia sp. ANICIC59 voucher CCDB-15843-C05 cytochrome oxidase subunit 1 (COI) gene, partial cds; mitochondrial",Eupselia sp. ANICIC59,516,516,99%,2e-141,89.18,658,"=HYPERLINK(""https://www.ncbi.nlm.nih.gov/nucleotide/KF394401.1?report=genbank&log$=nucltop&blast_rank=18&RID=8GNGZJNE013"",""KF394401.1"")"
"Eupselia sp. ANICIC59 voucher CCDB-15843-F06 cytochrome oxidase subunit 1 (COI) gene, partial cds; mitochondrial",Eupselia sp. ANICIC59,516,516,99%,2e-141,89.18,658,"=HYPERLINK(""https://www.ncbi.nlm.nih.gov/nucleotide/KF393540.1?report=genbank&log$=nucltop&blast_rank=19&RID=8GNGZJNE013"",""KF393540.1"")"
"Eupselia sp. ANICIC59 voucher CCDB-15843-E07 cytochrome oxidase subunit 1 (COI) gene, partial cds; mitochondrial",Eupselia sp. ANICIC59,516,516,99%,2e-141,89.18,658,"=HYPERLINK(""https://www.ncbi.nlm.nih.gov/nucleotide/KF390612.1?report=genbank&log$=nucltop&blast_rank=20&RID=8GNGZJNE013"",""KF390612.1"")"
"Eupselia sp. ANICIC59 voucher CCDB-15843-F08 cytochrome oxidase subunit 1 (COI) gene, partial cds; mitochondrial",Eupselia sp. ANICIC59,516,516,99%,2e-141,89.18,658,"=HYPERLINK(""https://www.ncbi.nlm.nih.gov/nucleotide/KF388499.1?report=genbank&log$=nucltop&blast_rank=21&RID=8GNGZJNE013"",""KF388499.1"")"
"Ectoedemia terebinthivora voucher RMNH:INS:17759 cytochrome oxidase subunit 1 (COI) gene, partial cds; mitochondrial",Ectoedemia terebinthivora,516,516,99%,2e-141,89.16,665,"=HYPERLINK(""https://www.ncbi.nlm.nih.gov/nucleotide/JN201852.1?report=genbank&log$=nucltop&blast_rank=22&RID=8GNGZJNE013"",""JN201852.1"")"
"Ectoedemia caradjai voucher RMNH:INS:23839 cytochrome oxidase subunit 1 (COI) gene, partial cds; mitochondrial",Ectoedemia caradjai,516,516,99%,2e-141,89.16,665,"=HYPERLINK(""https://www.ncbi.nlm.nih.gov/nucleotide/JN201692.1?report=genbank&log$=nucltop&blast_rank=23&RID=8GNGZJNE013"",""JN201692.1"")"
"Eupselia sp. ANICMK225 voucher MM15268 cytochrome oxidase subunit 1 (COI) gene, partial cds; mitochondrial",Eupselia sp. ANICMK225,516,516,99%,2e-141,89.18,658,"=HYPERLINK(""https://www.ncbi.nlm.nih.gov/nucleotide/HM876951.1?report=genbank&log$=nucltop&blast_rank=24&RID=8GNGZJNE013"",""HM876951.1"")"
"Eudonia mercurella voucher BC ZSM Lep 23777 cytochrome oxidase subunit 1 (COI) gene, partial cds; mitochondrial",Eudonia mercurella,516,516,99%,2e-141,89.21,658,"=HYPERLINK(""https://www.ncbi.nlm.nih.gov/nucleotide/GU706409.1?report=genbank&log$=nucltop&blast_rank=25&RID=8GNGZJNE013"",""GU706409.1"")"
"Eudonia mercurella voucher TLMF Lep 08477 cytochrome oxidase subunit 1 (COI) gene, partial cds; mitochondrial",Eudonia mercurella,516,516,99%,2e-141,89.21,658,"=HYPERLINK(""https://www.ncbi.nlm.nih.gov/nucleotide/KM573012.1?report=genbank&log$=nucltop&blast_rank=26&RID=8GNGZJNE013"",""KM573012.1"")"
"Ectoedemia sp. Quercus tatakaensis TW voucher RMNH.INS.29391 cytochrome oxidase subunit 1 (COI) gene, partial cds; mitochondrial",Ectoedemia sp. Quercus tatakaensis TW,514,514,98%,6e-141,89.10,658,"=HYPERLINK(""https://www.ncbi.nlm.nih.gov/nucleotide/KM077628.1?report=genbank&log$=nucltop&blast_rank=27&RID=8GNGZJNE013"",""KM077628.1"")"
"Ectoedemia hendrikseni voucher RMNH:INS:23720 cytochrome oxidase subunit 1 (COI) gene, partial cds; mitochondrial",Ectoedemia hendrikseni,514,514,98%,6e-141,89.13,665,"=HYPERLINK(""https://www.ncbi.nlm.nih.gov/nucleotide/JN201721.1?report=genbank&log$=nucltop&blast_rank=28&RID=8GNGZJNE013"",""JN201721.1"")"
"Eudonia sp. 1 WL-2017 voucher JXAUM-XZ14025 cytochrome oxidase subunit I (COI) gene, partial cds; mitochondrial",Eudonia sp. 1 WL-2017,510,510,99%,8e-140,88.89,658,"=HYPERLINK(""https://www.ncbi.nlm.nih.gov/nucleotide/KY940361.1?report=genbank&log$=nucltop&blast_rank=29&RID=8GNGZJNE013"",""KY940361.1"")"
"Midila sp. 1YB voucher YB-BCI45949 cytochrome oxidase subunit 1 (COI) gene, partial cds; mitochondrial",Midila sp. 1YB,510,510,99%,8e-140,88.89,658,"=HYPERLINK(""https://www.ncbi.nlm.nih.gov/nucleotide/MK767837.1?report=genbank&log$=nucltop&blast_rank=30&RID=8GNGZJNE013"",""MK767837.1"")"
"Trifurcula aurella voucher RMNH.INS.11580 cytochrome oxidase subunit 1 (COI) gene, partial cds; mitochondrial",Trifurcula aurella,510,510,97%,8e-140,89.22,654,"=HYPERLINK(""https://www.ncbi.nlm.nih.gov/nucleotide/KX281368.1?report=genbank&log$=nucltop&blast_rank=31&RID=8GNGZJNE013"",""KX281368.1"")"
"Stigmella sp. EuphorbiacBorneo voucher RMNH.INS.24146 cytochrome oxidase subunit 1 (COI) gene, partial cds; mitochondrial",Stigmella sp. EuphorbiacBorneo,510,510,98%,8e-140,89.10,654,"=HYPERLINK(""https://www.ncbi.nlm.nih.gov/nucleotide/KX281324.1?report=genbank&log$=nucltop&blast_rank=32&RID=8GNGZJNE013"",""KX281324.1"")"
"Stigmella freyella voucher RMNH.INS.11230 cytochrome oxidase subunit 1 (COI) gene, partial cds; mitochondrial",Stigmella freyella,510,510,99%,8e-140,88.94,662,"=HYPERLINK(""https://www.ncbi.nlm.nih.gov/nucleotide/KX281296.1?report=genbank&log$=nucltop&blast_rank=33&RID=8GNGZJNE013"",""KX281296.1"")"
"Trifurcula sp. Stauracanthusgenistoides voucher RMNH.INS.11515 cytochrome oxidase subunit 1 (COI) gene, partial cds; mitochondrial",Trifurcula sp. Stauracanthusgenistoides,510,510,99%,8e-140,88.89,654,"=HYPERLINK(""https://www.ncbi.nlm.nih.gov/nucleotide/KX281272.1?report=genbank&log$=nucltop&blast_rank=34&RID=8GNGZJNE013"",""KX281272.1"")"
"Trifurcula sp. Retamasphaerocarpa voucher RMNH.INS.11511 cytochrome oxidase subunit 1 (COI) gene, partial cds; mitochondrial",Trifurcula sp. Retamasphaerocarpa,510,510,98%,8e-140,89.05,654,"=HYPERLINK(""https://www.ncbi.nlm.nih.gov/nucleotide/KX281238.1?report=genbank&log$=nucltop&blast_rank=35&RID=8GNGZJNE013"",""KX281238.1"")"
"Eudonia mercurella voucher UKLB38H03 cytochrome oxidase subunit 1 (COI) gene, partial cds; mitochondrial",Eudonia mercurella,510,510,99%,8e-140,88.97,658,"=HYPERLINK(""https://www.ncbi.nlm.nih.gov/nucleotide/KX043752.1?report=genbank&log$=nucltop&blast_rank=36&RID=8GNGZJNE013"",""KX043752.1"")"
"Eudonia mercurella voucher UKLB41A06 cytochrome oxidase subunit 1 (COI) gene, partial cds; mitochondrial",Eudonia mercurella,510,510,99%,8e-140,89.00,658,"=HYPERLINK(""https://www.ncbi.nlm.nih.gov/nucleotide/KX042854.1?report=genbank&log$=nucltop&blast_rank=37&RID=8GNGZJNE013"",""KX042854.1"")"
"Ectoedemia sp. BOLD:ACB9415 voucher BIOUG03835-C02 cytochrome oxidase subunit 1 (COI) gene, partial cds; mitochondrial",Ectoedemia sp. BOLD:ACB9415,510,510,99%,8e-140,88.89,658,"=HYPERLINK(""https://www.ncbi.nlm.nih.gov/nucleotide/KM539604.1?report=genbank&log$=nucltop&blast_rank=38&RID=8GNGZJNE013"",""KM539604.1"")"
"Ectoedemia sp. Sorbus Korea voucher RMNH.INS.29215 cytochrome oxidase subunit 1 (COI) gene, partial cds; mitochondrial",Ectoedemia sp. Sorbus Korea,510,510,99%,8e-140,88.97,658,"=HYPERLINK(""https://www.ncbi.nlm.nih.gov/nucleotide/KM077698.1?report=genbank&log$=nucltop&blast_rank=39&RID=8GNGZJNE013"",""KM077698.1"")"
"Ectoedemia sp. Rubus croceacanthus TW voucher RMNH.INS.29480 cytochrome oxidase subunit 1 (COI) gene, partial cds; mitochondrial",Ectoedemia sp. Rubus croceacanthus TW,510,510,99%,8e-140,88.92,658,"=HYPERLINK(""https://www.ncbi.nlm.nih.gov/nucleotide/KM077651.1?report=genbank&log$=nucltop&blast_rank=40&RID=8GNGZJNE013"",""KM077651.1"")"
"Ectoedemia heckfordi voucher RMNH.INS.24197 cytochrome oxidase subunit 1 (COI) gene, partial cds; mitochondrial",Ectoedemia heckfordi,510,510,99%,8e-140,88.92,665,"=HYPERLINK(""https://www.ncbi.nlm.nih.gov/nucleotide/KM077618.1?report=genbank&log$=nucltop&blast_rank=41&RID=8GNGZJNE013"",""KM077618.1"")"
"Ectoedemia virgulae voucher RMNH.INS.18607 cytochrome oxidase subunit 1 (COI) gene, partial cds; mitochondrial",Ectoedemia virgulae,510,510,98%,8e-140,89.10,654,"=HYPERLINK(""https://www.ncbi.nlm.nih.gov/nucleotide/KM077590.1?report=genbank&log$=nucltop&blast_rank=42&RID=8GNGZJNE013"",""KM077590.1"")"
"Ectoedemia platanella voucher RMNH.INS.24341 cytochrome oxidase subunit 1 (COI) gene, partial cds; mitochondrial",Ectoedemia platanella,510,510,99%,8e-140,88.92,658,"=HYPERLINK(""https://www.ncbi.nlm.nih.gov/nucleotide/KM077579.1?report=genbank&log$=nucltop&blast_rank=43&RID=8GNGZJNE013"",""KM077579.1"")"
"Scoparia anthracias voucher CCDB-15861-E06 cytochrome oxidase subunit 1 (COI) gene, partial cds; mitochondrial",Scoparia anthracias,510,510,99%,8e-140,88.89,658,"=HYPERLINK(""https://www.ncbi.nlm.nih.gov/nucleotide/KF390316.1?report=genbank&log$=nucltop&blast_rank=44&RID=8GNGZJNE013"",""KF390316.1"")"
"Fomoria portensis voucher RMNH.INS.24923 cytochrome oxidase subunit 1 (COI) gene, partial cds; mitochondrial",Fomoria portensis,510,510,99%,8e-140,88.89,658,"=HYPERLINK(""https://www.ncbi.nlm.nih.gov/nucleotide/MN413982.1?report=genbank&log$=nucltop&blast_rank=45&RID=8GNGZJNE013"",""MN413982.1"")"
"Ectoedemia arcuatella voucher RMNH:INS:17801 cytochrome oxidase subunit 1 (COI) gene, partial cds; mitochondrial",Ectoedemia arcuatella,510,510,99%,8e-140,88.92,665,"=HYPERLINK(""https://www.ncbi.nlm.nih.gov/nucleotide/JN201668.1?report=genbank&log$=nucltop&blast_rank=46&RID=8GNGZJNE013"",""JN201668.1"")"
"Paectes sp. Janzen01 cytochrome oxidase subunit 1 (COI) gene, partial cds; mitochondrial",Paectes sp. Janzen01,510,510,99%,8e-140,88.92,658,"=HYPERLINK(""https://www.ncbi.nlm.nih.gov/nucleotide/JQ523754.1?report=genbank&log$=nucltop&blast_rank=47&RID=8GNGZJNE013"",""JQ523754.1"")"
"Manduca sp. occultaDHJ02 cytochrome oxidase subunit 1 (COI) gene, partial cds; mitochondrial",Manduca sp. occultaDHJ02,510,510,99%,8e-140,88.89,658,"=HYPERLINK(""https://www.ncbi.nlm.nih.gov/nucleotide/JN677600.1?report=genbank&log$=nucltop&blast_rank=48&RID=8GNGZJNE013"",""JN677600.1"")"
"Eudonia phaeoleuca voucher BC ZSM Lep 28793 cytochrome oxidase subunit 1 (COI) gene, partial cds; mitochondrial",Eudonia phaeoleuca,510,510,99%,8e-140,88.89,658,"=HYPERLINK(""https://www.ncbi.nlm.nih.gov/nucleotide/HQ955455.1?report=genbank&log$=nucltop&blast_rank=49&RID=8GNGZJNE013"",""HQ955455.1"")"
"Manduca corallina cytochrome oxidase subunit 1 (COI) gene, partial cds; mitochondrial",Manduca corallina,510,510,99%,8e-140,88.89,658,"=HYPERLINK(""https://www.ncbi.nlm.nih.gov/nucleotide/GU152289.1?report=genbank&log$=nucltop&blast_rank=50&RID=8GNGZJNE013"",""GU152289.1"")"
"Manduca corallina cytochrome oxidase subunit 1 (COI) gene, partial cds; mitochondrial",Manduca corallina,510,510,99%,8e-140,88.89,658,"=HYPERLINK(""https://www.ncbi.nlm.nih.gov/nucleotide/GU165396.1?report=genbank&log$=nucltop&blast_rank=51&RID=8GNGZJNE013"",""GU165396.1"")"
"Ectoedemia sp. Quercus tatakaensis TW voucher RMNH.INS.29531 cytochrome oxidase subunit 1 (COI) gene, partial cds; mitochondrial",Ectoedemia sp. Quercus tatakaensis TW,508,508,98%,3e-139,88.86,658,"=HYPERLINK(""https://www.ncbi.nlm.nih.gov/nucleotide/KM077699.1?report=genbank&log$=nucltop&blast_rank=52&RID=8GNGZJNE013"",""KM077699.1"")"
"Eudonia spenceri voucher UBC-2007-0935 cytochrome oxidase subunit 1 (COI) gene, partial cds; mitochondrial",Eudonia spenceri,508,508,98%,3e-139,88.89,658,"=HYPERLINK(""https://www.ncbi.nlm.nih.gov/nucleotide/FJ412494.1?report=genbank&log$=nucltop&blast_rank=53&RID=8GNGZJNE013"",""FJ412494.1"")"
"Eudonia echo voucher BIOUG22549-B01 cytochrome oxidase subunit 1 (COI) gene, partial cds; mitochondrial",Eudonia echo,505,505,99%,4e-138,88.65,658,"=HYPERLINK(""https://www.ncbi.nlm.nih.gov/nucleotide/MG360479.1?report=genbank&log$=nucltop&blast_rank=54&RID=8GNGZJNE013"",""MG360479.1"")"
"Eudonia commortalis voucher KWP:Ento:14436 cytochrome oxidase subunit 1 (COI) gene, partial cds; mitochondrial",Eudonia commortalis,505,505,99%,4e-138,88.65,658,"=HYPERLINK(""https://www.ncbi.nlm.nih.gov/nucleotide/KU875030.1?report=genbank&log$=nucltop&blast_rank=55&RID=8GNGZJNE013"",""KU875030.1"")"
"Stigmella basiguttella voucher RMNH.INS.23994 cytochrome oxidase subunit 1 (COI) gene, partial cds; mitochondrial",Stigmella basiguttella,505,505,99%,4e-138,88.65,662,"=HYPERLINK(""https://www.ncbi.nlm.nih.gov/nucleotide/KX281441.1?report=genbank&log$=nucltop&blast_rank=56&RID=8GNGZJNE013"",""KX281441.1"")"
"Trifurcula beirnei voucher RMNH.INS.23941 cytochrome oxidase subunit 1 (COI) gene, partial cds; mitochondrial",Trifurcula beirnei,505,505,98%,4e-138,88.81,654,"=HYPERLINK(""https://www.ncbi.nlm.nih.gov/nucleotide/KX281379.1?report=genbank&log$=nucltop&blast_rank=57&RID=8GNGZJNE013"",""KX281379.1"")"
"Parafomoria fumanae voucher RMNH.INS.11914 cytochrome oxidase subunit 1 (COI) gene, partial cds; mitochondrial",Parafomoria fumanae,505,505,99%,4e-138,88.65,658,"=HYPERLINK(""https://www.ncbi.nlm.nih.gov/nucleotide/KX281293.1?report=genbank&log$=nucltop&blast_rank=58&RID=8GNGZJNE013"",""KX281293.1"")"
"Muhabbetana nigrifasciata voucher RMNH.INS.11419 cytochrome oxidase subunit 1 (COI) gene, partial cds; mitochondrial",Muhabbetana nigrifasciata,505,505,98%,4e-138,88.83,654,"=HYPERLINK(""https://www.ncbi.nlm.nih.gov/nucleotide/KX281262.1?report=genbank&log$=nucltop&blast_rank=59&RID=8GNGZJNE013"",""KX281262.1"")"
"Eudonia echo voucher AVBC 1231-11 cytochrome oxidase subunit 1 (COI) gene, partial cds; mitochondrial",Eudonia echo,505,505,99%,4e-138,88.65,658,"=HYPERLINK(""https://www.ncbi.nlm.nih.gov/nucleotide/KT128413.1?report=genbank&log$=nucltop&blast_rank=60&RID=8GNGZJNE013"",""KT128413.1"")"
"Ectoedemia angulifasciella voucher KLM Lep 00282 cytochrome oxidase subunit 1 (COI) gene, partial cds; mitochondrial",Ectoedemia angulifasciella,505,505,99%,4e-138,88.70,658,"=HYPERLINK(""https://www.ncbi.nlm.nih.gov/nucleotide/KX045730.1?report=genbank&log$=nucltop&blast_rank=61&RID=8GNGZJNE013"",""KX045730.1"")"
"Trifurcula beirnei voucher KLM Lep 00310 cytochrome oxidase subunit 1 (COI) gene, partial cds; mitochondrial",Trifurcula beirnei,505,505,99%,4e-138,88.65,658,"=HYPERLINK(""https://www.ncbi.nlm.nih.gov/nucleotide/KX046469.1?report=genbank&log$=nucltop&blast_rank=62&RID=8GNGZJNE013"",""KX046469.1"")"
"Ectoedemia sericopeza voucher TLMF Lep 14798 cytochrome oxidase subunit 1 (COI) gene, partial cds; mitochondrial",Ectoedemia sericopeza,505,505,99%,4e-138,88.65,624,"=HYPERLINK(""https://www.ncbi.nlm.nih.gov/nucleotide/KP253539.1?report=genbank&log$=nucltop&blast_rank=63&RID=8GNGZJNE013"",""KP253539.1"")"
"Ectoedemia heckfordi voucher TLMF Lep 14723 cytochrome oxidase subunit 1 (COI) gene, partial cds; mitochondrial",Ectoedemia heckfordi,505,505,99%,4e-138,88.67,620,"=HYPERLINK(""https://www.ncbi.nlm.nih.gov/nucleotide/KP253403.1?report=genbank&log$=nucltop&blast_rank=64&RID=8GNGZJNE013"",""KP253403.1"")"
"Anigraea mediopunctata voucher MP24 cytochrome c oxidase subunit I (COX1) gene, partial cds; mitochondrial",Anigraea mediopunctata,505,505,99%,4e-138,88.65,648,"=HYPERLINK(""https://www.ncbi.nlm.nih.gov/nucleotide/OQ064126.1?report=genbank&log$=nucltop&blast_rank=65&RID=8GNGZJNE013"",""OQ064126.1"")"
"Ectoedemia rubivora voucher RMNH.INS.30228 cytochrome oxidase subunit 1 (COI) gene, partial cds; mitochondrial",Ectoedemia rubivora,505,505,99%,4e-138,88.67,658,"=HYPERLINK(""https://www.ncbi.nlm.nih.gov/nucleotide/OL671203.1?report=genbank&log$=nucltop&blast_rank=66&RID=8GNGZJNE013"",""OL671203.1"")"
"Ectoedemia virgulae voucher RMNH.INS.24401 cytochrome oxidase subunit 1 (COI) gene, partial cds; mitochondrial",Ectoedemia virgulae,505,505,99%,4e-138,88.70,658,"=HYPERLINK(""https://www.ncbi.nlm.nih.gov/nucleotide/KM077734.1?report=genbank&log$=nucltop&blast_rank=67&RID=8GNGZJNE013"",""KM077734.1"")"
"Ectoedemia sp. Nyssa sp. n. USA voucher RMNH.INS.24337 cytochrome oxidase subunit 1 (COI) gene, partial cds; mitochondrial",Ectoedemia sp. Nyssa sp. n. USA,505,505,99%,4e-138,88.65,658,"=HYPERLINK(""https://www.ncbi.nlm.nih.gov/nucleotide/KM077731.1?report=genbank&log$=nucltop&blast_rank=68&RID=8GNGZJNE013"",""KM077731.1"")"
"Ectoedemia agrimoniae voucher RMNH.INS.29011 cytochrome oxidase subunit 1 (COI) gene, partial cds; mitochondrial",Ectoedemia agrimoniae,505,505,98%,4e-138,88.81,654,"=HYPERLINK(""https://www.ncbi.nlm.nih.gov/nucleotide/KM077692.1?report=genbank&log$=nucltop&blast_rank=69&RID=8GNGZJNE013"",""KM077692.1"")"
"Ectoedemia arcuatella voucher RMNH.INS.24294 cytochrome oxidase subunit 1 (COI) gene, partial cds; mitochondrial",Ectoedemia arcuatella,505,505,99%,4e-138,88.67,658,"=HYPERLINK(""https://www.ncbi.nlm.nih.gov/nucleotide/KM077621.1?report=genbank&log$=nucltop&blast_rank=70&RID=8GNGZJNE013"",""KM077621.1"")"
"Ectoedemia virgulae voucher RMNH.INS.24396 cytochrome oxidase subunit 1 (COI) gene, partial cds; mitochondrial",Ectoedemia virgulae,505,505,99%,4e-138,88.70,658,"=HYPERLINK(""https://www.ncbi.nlm.nih.gov/nucleotide/KM077597.1?report=genbank&log$=nucltop&blast_rank=71&RID=8GNGZJNE013"",""KM077597.1"")"
"Zimmermannia amani voucher KNAE-Nepti163 cytochrome c oxidase subunit I (COX1) gene, partial cds; mitochondrial",Zimmermannia amani,505,505,99%,4e-138,88.65,651,"=HYPERLINK(""https://www.ncbi.nlm.nih.gov/nucleotide/OP618120.1?report=genbank&log$=nucltop&blast_rank=72&RID=8GNGZJNE013"",""OP618120.1"")"
"Semaeopus sp. LMR_Geo196 cytochrome oxidase subunit 1 (COI) gene, partial cds; mitochondrial",Semaeopus sp. LMR_Geo196,505,505,99%,4e-138,88.65,619,"=HYPERLINK(""https://www.ncbi.nlm.nih.gov/nucleotide/MZ995071.1?report=genbank&log$=nucltop&blast_rank=73&RID=8GNGZJNE013"",""MZ995071.1"")"
"Ectoedemia arcuatella voucher MM22851 cytochrome oxidase subunit 1 (COI) gene, partial cds; mitochondrial",Ectoedemia arcuatella,505,505,99%,4e-138,88.67,658,"=HYPERLINK(""https://www.ncbi.nlm.nih.gov/nucleotide/MZ609882.1?report=genbank&log$=nucltop&blast_rank=74&RID=8GNGZJNE013"",""MZ609882.1"")"
"Manduca diffissa isolate Trop cytochrome oxidase subunit I (COI) gene, partial cds; mitochondrial",Manduca diffissa,505,505,99%,4e-138,88.65,658,"=HYPERLINK(""https://www.ncbi.nlm.nih.gov/nucleotide/KC893300.1?report=genbank&log$=nucltop&blast_rank=75&RID=8GNGZJNE013"",""KC893300.1"")"
"Manduca corallina isolate Mext cytochrome oxidase subunit I (COI) gene, partial cds; mitochondrial",Manduca corallina,505,505,99%,4e-138,88.65,612,"=HYPERLINK(""https://www.ncbi.nlm.nih.gov/nucleotide/KC893271.1?report=genbank&log$=nucltop&blast_rank=76&RID=8GNGZJNE013"",""KC893271.1"")"
"Tortrix oriarcha voucher 11ANIC-10354 cytochrome oxidase subunit 1 (COI) gene, partial cds; mitochondrial",Tortrix oriarcha,505,505,99%,4e-138,88.67,658,"=HYPERLINK(""https://www.ncbi.nlm.nih.gov/nucleotide/KF404188.1?report=genbank&log$=nucltop&blast_rank=77&RID=8GNGZJNE013"",""KF404188.1"")"
"Nepticulidae sp. BIOUG06231-C12 cytochrome oxidase subunit 1 (COI) gene, partial cds; mitochondrial",Nepticulidae sp. BIOUG06231-C12,505,505,99%,4e-138,88.65,658,"=HYPERLINK(""https://www.ncbi.nlm.nih.gov/nucleotide/MN413950.1?report=genbank&log$=nucltop&blast_rank=78&RID=8GNGZJNE013"",""MN413950.1"")"
"Etainia crypsixantha voucher RMNH.INS.25010 cytochrome oxidase subunit 1 (COI) gene, partial cds; mitochondrial",Etainia crypsixantha,505,505,99%,4e-138,88.65,658,"=HYPERLINK(""https://www.ncbi.nlm.nih.gov/nucleotide/MN413947.1?report=genbank&log$=nucltop&blast_rank=79&RID=8GNGZJNE013"",""MN413947.1"")"
"Etainia crypsixantha voucher RMNH.INS.24783 cytochrome oxidase subunit 1 (COI) gene, partial cds; mitochondrial",Etainia crypsixantha,505,505,99%,4e-138,88.65,658,"=HYPERLINK(""https://www.ncbi.nlm.nih.gov/nucleotide/MN413944.1?report=genbank&log$=nucltop&blast_rank=80&RID=8GNGZJNE013"",""MN413944.1"")"
"Pectinivalva (Pectinivalva) sp. 'Canberra 24083' voucher RMNH.INS.24083 cytochrome oxidase subunit 1 (COI) gene, partial cds; mitochondrial",Pectinivalva (Pectinivalva) sp. 'Canberra 24083',505,505,99%,4e-138,88.49,658,"=HYPERLINK(""https://www.ncbi.nlm.nih.gov/nucleotide/KC292468.1?report=genbank&log$=nucltop&blast_rank=81&RID=8GNGZJNE013"",""KC292468.1"")"
"Trifurcula istriae voucher RMNH.INS.24000 cytochrome oxidase subunit 1 (COI) gene, partial cds; mitochondrial",Trifurcula istriae,505,505,99%,4e-138,88.49,658,"=HYPERLINK(""https://www.ncbi.nlm.nih.gov/nucleotide/JX261895.1?report=genbank&log$=nucltop&blast_rank=82&RID=8GNGZJNE013"",""JX261895.1"")"
"Ectoedemia rubivora voucher RMNH:INS:12927 cytochrome oxidase subunit 1 (COI) gene, partial cds; mitochondrial",Ectoedemia rubivora,505,505,99%,4e-138,88.67,653,"=HYPERLINK(""https://www.ncbi.nlm.nih.gov/nucleotide/JN201814.1?report=genbank&log$=nucltop&blast_rank=83&RID=8GNGZJNE013"",""JN201814.1"")"
"Ectoedemia ivinskisi voucher RMNH:INS:23899 cytochrome oxidase subunit 1 (COI) gene, partial cds; mitochondrial",Ectoedemia ivinskisi,505,505,99%,4e-138,88.70,665,"=HYPERLINK(""https://www.ncbi.nlm.nih.gov/nucleotide/JN201758.1?report=genbank&log$=nucltop&blast_rank=84&RID=8GNGZJNE013"",""JN201758.1"")"
"Ectoedemia heckfordi voucher RMNH:INS:23730 cytochrome oxidase subunit 1 (COI) gene, partial cds; mitochondrial",Ectoedemia heckfordi,505,505,99%,4e-138,88.67,665,"=HYPERLINK(""https://www.ncbi.nlm.nih.gov/nucleotide/JN201719.1?report=genbank&log$=nucltop&blast_rank=85&RID=8GNGZJNE013"",""JN201719.1"")"
"Ectoedemia heckfordi voucher RMNH:INS:23848 cytochrome oxidase subunit 1 (COI) gene, partial cds; mitochondrial",Ectoedemia heckfordi,505,505,99%,4e-138,88.67,665,"=HYPERLINK(""https://www.ncbi.nlm.nih.gov/nucleotide/JN201718.1?report=genbank&log$=nucltop&blast_rank=86&RID=8GNGZJNE013"",""JN201718.1"")"
"Ectoedemia caradjai voucher RMNH:INS:12862 cytochrome oxidase subunit 1 (COI) gene, partial cds; mitochondrial",Ectoedemia caradjai,505,505,99%,4e-138,88.67,665,"=HYPERLINK(""https://www.ncbi.nlm.nih.gov/nucleotide/JN201693.1?report=genbank&log$=nucltop&blast_rank=87&RID=8GNGZJNE013"",""JN201693.1"")"
"Ectoedemia arcuatella voucher RMNH:INS:11713 cytochrome oxidase subunit 1 (COI) gene, partial cds; mitochondrial",Ectoedemia arcuatella,505,505,99%,4e-138,88.67,665,"=HYPERLINK(""https://www.ncbi.nlm.nih.gov/nucleotide/JN201672.1?report=genbank&log$=nucltop&blast_rank=88&RID=8GNGZJNE013"",""JN201672.1"")"
"Ectoedemia agrimoniae voucher RMNH:INS:17805 cytochrome oxidase subunit 1 (COI) gene, partial cds; mitochondrial",Ectoedemia agrimoniae,505,505,99%,4e-138,88.65,665,"=HYPERLINK(""https://www.ncbi.nlm.nih.gov/nucleotide/JN201615.1?report=genbank&log$=nucltop&blast_rank=89&RID=8GNGZJNE013"",""JN201615.1"")"
"Oxidercia sp. toxeaDHJ05 cytochrome oxidase subunit 1 (COI) gene, partial cds; mitochondrial",Oxidercia sp. toxeaDHJ05,505,505,99%,4e-138,88.65,658,"=HYPERLINK(""https://www.ncbi.nlm.nih.gov/nucleotide/JQ571206.1?report=genbank&log$=nucltop&blast_rank=90&RID=8GNGZJNE013"",""JQ571206.1"")"
"Sericochroa sp. 'corda' cytochrome oxidase subunit 1 (COI) gene, partial cds; mitochondrial",Sericochroa sp. 'corda',505,505,99%,4e-138,88.67,650,"=HYPERLINK(""https://www.ncbi.nlm.nih.gov/nucleotide/JQ537430.1?report=genbank&log$=nucltop&blast_rank=91&RID=8GNGZJNE013"",""JQ537430.1"")"
"Anticla sp. anticaDHJ03 cytochrome oxidase subunit 1 (COI) gene, partial cds; mitochondrial",Anticla sp. anticaDHJ03,505,505,99%,4e-138,88.67,620,"=HYPERLINK(""https://www.ncbi.nlm.nih.gov/nucleotide/JQ536012.1?report=genbank&log$=nucltop&blast_rank=92&RID=8GNGZJNE013"",""JQ536012.1"")"
"Anticla antica cytochrome oxidase subunit 1 (COI) gene, partial cds; mitochondrial",Anticla antica,505,505,99%,4e-138,88.67,658,"=HYPERLINK(""https://www.ncbi.nlm.nih.gov/nucleotide/JQ524579.1?report=genbank&log$=nucltop&blast_rank=93&RID=8GNGZJNE013"",""JQ524579.1"")"
"Anticla sp. anticaDHJ03 cytochrome oxidase subunit 1 (COI) gene, partial cds; mitochondrial",Anticla sp. anticaDHJ03,505,505,99%,4e-138,88.67,643,"=HYPERLINK(""https://www.ncbi.nlm.nih.gov/nucleotide/JQ543579.1?report=genbank&log$=nucltop&blast_rank=94&RID=8GNGZJNE013"",""JQ543579.1"")"
"Anticla sp. anticaDHJ03 cytochrome oxidase subunit 1 (COI) gene, partial cds; mitochondrial",Anticla sp. anticaDHJ03,505,505,99%,4e-138,88.67,658,"=HYPERLINK(""https://www.ncbi.nlm.nih.gov/nucleotide/JQ540750.1?report=genbank&log$=nucltop&blast_rank=95&RID=8GNGZJNE013"",""JQ540750.1"")"
"Ectoedemia caradjai voucher TLMF Lep 04515 cytochrome oxidase subunit 1 (COI) gene, partial cds; mitochondrial",Ectoedemia caradjai,505,505,99%,4e-138,88.67,658,"=HYPERLINK(""https://www.ncbi.nlm.nih.gov/nucleotide/JN820107.1?report=genbank&log$=nucltop&blast_rank=96&RID=8GNGZJNE013"",""JN820107.1"")"
"Anticla sp. anticaDHJ03 cytochrome oxidase subunit 1 (COI) gene, partial cds; mitochondrial",Anticla sp. anticaDHJ03,501,501,99%,5e-137,88.43,658,"=HYPERLINK(""https://www.ncbi.nlm.nih.gov/nucleotide/JQ540747.1?report=genbank&log$=nucltop&blast_rank=97&RID=8GNGZJNE013"",""JQ540747.1"")"
"Anticla sp. anticaDHJ03 cytochrome oxidase subunit 1 (COI) gene, partial cds; mitochondrial",Anticla sp. anticaDHJ03,501,501,99%,5e-137,88.43,658,"=HYPERLINK(""https://www.ncbi.nlm.nih.gov/nucleotide/JQ540745.1?report=genbank&log$=nucltop&blast_rank=98&RID=8GNGZJNE013"",""JQ540745.1"")"
"Anticla sp. anticaDHJ03 cytochrome oxidase subunit 1 (COI) gene, partial cds; mitochondrial",Anticla sp. anticaDHJ03,501,501,99%,5e-137,88.43,658,"=HYPERLINK(""https://www.ncbi.nlm.nih.gov/nucleotide/JQ540743.1?report=genbank&log$=nucltop&blast_rank=99&RID=8GNGZJNE013"",""JQ540743.1"")"
"Anticla sp. anticaDHJ03 cytochrome oxidase subunit 1 (COI) gene, partial cds; mitochondrial",Anticla sp. anticaDHJ03,497,497,99%,6e-136,88.19,658,"=HYPERLINK(""https://www.ncbi.nlm.nih.gov/nucleotide/JQ540751.1?report=genbank&log$=nucltop&blast_rank=100&RID=8GNGZJNE013"",""JQ540751.1"")"



		


